{
    "parent": "item/handheld",
    "display": {
        "thirdperson_righthand": {
            "rotation": [ 10, 90, -45 ],
            "translation": [ -0.5, 1.5, -3 ],
            "scale": [ 0.75, 0.67, 0.75 ]
        },
        "thirdperson_lefthand": {
            "rotation": [ 10, -90, 45 ],
            "translation": [ 0, 1.5, -3 ],
            "scale": [ 0.75, 0.67, 0.75 ]
        },
        "firstperson_righthand": {
            "rotation": [ 20, 90, 0 ],
            "translation": [ 0, 1, 0],
            "scale": [ 1.0, 0.75, 1.0 ]
        },
        "firstperson_lefthand": {
            "rotation": [ 20, -90, 0 ],
            "translation": [ 0, 1, 0],
            "scale": [ 1.0, 1.0, 1.0 ]
        }
    }
}
