{
    "parent": "item/handheld_rod",
    "textures": {
        "layer0": "item/fishing_rod"
    },
    "overrides": [
	  v {"predicate": {"custom_model_data":1000000}, "model": "item/weapons/glock"},
      {"predicate": {"custom_model_data":1000001}, "model": "item/weapons/mp5"},
      {"predicate": {"custom_model_data":1000002}, "model": "item/weapons/ak47"},
      {"predicate": {"custom_model_data":1000003}, "model": "item/weapons/msg"},
      {"predicate": {"custom_model_data":1000004}, "model": "item/weapons/ar15"},
      {"predicate": {"custom_model_data":1000005}, "model": "item/weapons/shotgun"},
      {"predicate": {"custom_model_data":1000008}, "model": "item/weapons/ohmega_blaster"}
    ]
}
