{
    "parent": "item/handheld",
    "textures": {
        "layer0": "item/stick"
    },
    "overrides": [
      {"predicate": {"custom_model_data":1000000}, "model": "item/weapons/parts/acacia_scraps"},
      {"predicate": {"custom_model_data":2111111}, "model": "item/weapons/parts/ak47_barrel_housing"},
      {"predicate": {"custom_model_data":2111114}, "model": "item/weapons/parts/ak47_grip"},
      {"predicate": {"custom_model_data":2111115}, "model": "item/weapons/parts/ak47_stock"}
    ]
}
